{
	"class_name" : "PinholeCameraParameters",
	"extrinsic" : 
	[
		0.4438286394896459,
		-0.17308088462061572,
		0.87923782115404658,
		0.0,
		-0.8952962436494134,
		-0.12749387330036005,
		0.42683714503089126,
		0.0,
		0.038220084720213945,
		-0.97662086791641767,
		-0.21154409817851885,
		0.0,
		-13.04905321103359,
		6.1141471255988318,
		44.064659353325332,
		1.0
	],
	"intrinsic" : 
	{
		"height" : 1122,
		"intrinsic_matrix" : 
		[
			639.80371151277541,
			0.0,
			0.0,
			0.0,
			639.80371151277541,
			0.0,
			538.5,
			560.5,
			1.0
		],
		"width" : 1078
	},
	"version_major" : 1,
	"version_minor" : 0
}