{
	"class_name" : "PinholeCameraParameters",
	"extrinsic" : 
	[
		0.539824244433319,
		-0.51093089447073869,
		0.66898386093935569,
		0.0,
		-0.84149549937836277,
		-0.34812405392221241,
		0.41315247500980129,
		0.0,
		0.02179701006918483,
		-0.78597663079515001,
		-0.61787185256811017,
		0.0,
		6.4010908706986154,
		-0.90382392773791054,
		25.604074257933874,
		1.0
	],
	"intrinsic" : 
	{
		"height" : 1603,
		"intrinsic_matrix" : 
		[
			1388.2387222664552,
			0.0,
			0.0,
			0.0,
			1388.2387222664552,
			0.0,
			718.5,
			801.0,
			1.0
		],
		"width" : 1438
	},
	"version_major" : 1,
	"version_minor" : 0
}