{
	"class_name" : "PinholeCameraParameters",
	"extrinsic" : 
	[
		0.027827979916270566,
		-0.47449821244096413,
		0.87981648650392397,
		0.0,
		-0.99765986381256766,
		0.041806285087906819,
		0.054102039375960448,
		0.0,
		-0.062453179833127453,
		-0.87926314657074001,
		-0.47222443754135879,
		0.0,
		7.1791572281470266,
		2.0107362673879106,
		30.430356778906155,
		1.0
	],
	"intrinsic" : 
	{
		"height" : 944,
		"intrinsic_matrix" : 
		[
			817.52798117251018,
			0.0,
			0.0,
			0.0,
			817.52798117251018,
			0.0,
			538.5,
			471.5,
			1.0
		],
		"width" : 1078
	},
	"version_major" : 1,
	"version_minor" : 0
}