{
	"class_name" : "PinholeCameraParameters",
	"extrinsic" : 
	[
		-0.97081798563457233,
		-0.23840227966484362,
		0.026015222832739306,
		0.0,
		-0.17908521212168427,
		0.64853680604006769,
		-0.73981652996582814,
		0.0,
		0.15950211775322212,
		-0.72288613505997845,
		-0.6723055184737694,
		0.0,
		-12.130885551354517,
		-7.5431545592136118,
		15.571533433421694,
		1.0
	],
	"intrinsic" : 
	{
		"height" : 1165,
		"intrinsic_matrix" : 
		[
			1008.919595408871,
			0.0,
			0.0,
			0.0,
			1008.919595408871,
			0.0,
			538.5,
			582.0,
			1.0
		],
		"width" : 1078
	},
	"version_major" : 1,
	"version_minor" : 0
}